/*
 Navicat Premium Data Transfer

 Source Server         : localhost
 Source Server Type    : MySQL
 Source Server Version : 50533
 Source Host           : localhost
 Source Database       : nrasp

 Target Server Type    : MySQL
 Target Server Version : 50533
 File Encoding         : utf-8

 Date: 11/28/2013 11:35:31 AM
*/

SET NAMES utf8;
SET FOREIGN_KEY_CHECKS = 0;

-- ----------------------------
--  Table structure for `BindingSubjectGroup`
-- ----------------------------
DROP TABLE IF EXISTS `BindingSubjectGroup`;
CREATE TABLE `BindingSubjectGroup` (
  `idBindingSubjectGroup` int(11) NOT NULL AUTO_INCREMENT,
  `idSubject` int(11) NOT NULL,
  `idGroup` int(11) NOT NULL,
  PRIMARY KEY (`idBindingSubjectGroup`),
  KEY `idSubject` (`idSubject`),
  KEY `idGroup` (`idGroup`),
  CONSTRAINT `bindingsubjectgroup_ibfk_1` FOREIGN KEY (`idSubject`) REFERENCES `subjects` (`idsubects`) ON DELETE CASCADE ON UPDATE CASCADE,
  CONSTRAINT `bindingsubjectgroup_ibfk_2` FOREIGN KEY (`idGroup`) REFERENCES `groups` (`idgroups`) ON DELETE CASCADE ON UPDATE CASCADE
) ENGINE=InnoDB AUTO_INCREMENT=179 DEFAULT CHARSET=utf8;

-- ----------------------------
--  Records of `BindingSubjectGroup`
-- ----------------------------
BEGIN;
INSERT INTO `BindingSubjectGroup` VALUES ('3', '2', '1'), ('29', '3', '2'), ('30', '3', '5'), ('31', '3', '6'), ('32', '3', '7'), ('33', '3', '8'), ('34', '3', '9'), ('35', '3', '1'), ('36', '3', '3'), ('37', '4', '2'), ('38', '4', '5'), ('39', '4', '6'), ('40', '4', '7'), ('41', '4', '8'), ('42', '4', '9'), ('43', '4', '1'), ('44', '4', '3'), ('45', '5', '2'), ('46', '5', '5'), ('47', '6', '2'), ('48', '6', '5'), ('51', '8', '2'), ('52', '8', '5'), ('53', '9', '2'), ('54', '9', '5'), ('55', '10', '2'), ('56', '10', '5'), ('57', '11', '2'), ('58', '11', '5'), ('59', '12', '2'), ('60', '12', '5'), ('61', '13', '2'), ('62', '13', '5'), ('63', '14', '2'), ('64', '14', '5'), ('65', '15', '2'), ('66', '15', '5'), ('67', '16', '2'), ('68', '16', '5'), ('69', '17', '2'), ('70', '17', '5'), ('71', '18', '5'), ('76', '20', '6'), ('77', '21', '6'), ('80', '24', '6'), ('81', '25', '6'), ('83', '28', '6'), ('84', '29', '6'), ('85', '30', '6'), ('86', '31', '6'), ('87', '32', '6'), ('88', '33', '6'), ('89', '34', '6'), ('91', '36', '6'), ('92', '7', '2'), ('93', '7', '5'), ('94', '7', '6'), ('95', '7', '7'), ('96', '19', '6'), ('97', '19', '7'), ('103', '37', '7'), ('104', '23', '6'), ('105', '23', '7'), ('107', '26', '6'), ('108', '26', '7'), ('109', '39', '7'), ('110', '40', '7'), ('111', '41', '7'), ('112', '42', '7'), ('114', '44', '7'), ('115', '45', '7'), ('116', '46', '7'), ('117', '47', '7'), ('118', '48', '7'), ('119', '38', '7'), ('120', '38', '8'), ('121', '49', '8'), ('124', '50', '8'), ('125', '51', '8'), ('127', '53', '8'), ('128', '54', '8'), ('129', '55', '8'), ('130', '56', '8'), ('131', '57', '8'), ('132', '58', '8'), ('133', '59', '8'), ('134', '60', '8'), ('135', '61', '8'), ('136', '62', '9'), ('137', '63', '9'), ('138', '64', '9'), ('139', '65', '9'), ('140', '66', '9'), ('141', '67', '9'), ('142', '52', '8'), ('143', '52', '1'), ('144', '68', '1'), ('145', '69', '1'), ('146', '72', '1'), ('147', '73', '1'), ('148', '1', '2'), ('149', '1', '5'), ('150', '1', '7'), ('151', '1', '3'), ('152', '22', '6'), ('153', '22', '3'), ('154', '75', '3'), ('155', '76', '3'), ('156', '77', '3'), ('157', '78', '3'), ('158', '79', '3'), ('159', '80', '3'), ('160', '81', '3'), ('161', '82', '3'), ('162', '35', '6'), ('163', '35', '3'), ('164', '83', '3'), ('165', '84', '3'), ('166', '85', '3'), ('167', '86', '3'), ('168', '87', '3'), ('171', '27', '6'), ('175', '43', '5'), ('176', '43', '7'), ('177', '43', '8'), ('178', '70', '1');
COMMIT;

-- ----------------------------
--  Table structure for `BindingTeacherSubjects`
-- ----------------------------
DROP TABLE IF EXISTS `BindingTeacherSubjects`;
CREATE TABLE `BindingTeacherSubjects` (
  `idBindingSubjectGroup` int(11) NOT NULL AUTO_INCREMENT,
  `idTeacher` int(11) NOT NULL,
  `idSubject` int(11) NOT NULL,
  PRIMARY KEY (`idBindingSubjectGroup`),
  KEY `idSubject` (`idSubject`),
  KEY `idTeacher` (`idTeacher`),
  CONSTRAINT `bindingteachersubjects_ibfk_1` FOREIGN KEY (`idSubject`) REFERENCES `subjects` (`idsubects`) ON DELETE CASCADE ON UPDATE CASCADE,
  CONSTRAINT `bindingteachersubjects_ibfk_2` FOREIGN KEY (`idTeacher`) REFERENCES `teachers` (`idteacher`) ON DELETE CASCADE ON UPDATE CASCADE
) ENGINE=InnoDB AUTO_INCREMENT=98 DEFAULT CHARSET=utf8 ROW_FORMAT=COMPACT;

-- ----------------------------
--  Records of `BindingTeacherSubjects`
-- ----------------------------
BEGIN;
INSERT INTO `BindingTeacherSubjects` VALUES ('15', '21', '72'), ('16', '21', '73'), ('17', '20', '62'), ('18', '20', '66'), ('19', '3', '5'), ('21', '8', '11'), ('22', '8', '12'), ('23', '11', '16'), ('24', '11', '17'), ('25', '11', '19'), ('26', '11', '26'), ('27', '11', '42'), ('28', '22', '82'), ('29', '22', '86'), ('30', '17', '41'), ('31', '4', '6'), ('32', '12', '21'), ('33', '12', '23'), ('34', '12', '29'), ('35', '12', '31'), ('36', '12', '33'), ('37', '12', '77'), ('38', '18', '44'), ('39', '18', '46'), ('40', '18', '49'), ('41', '18', '55'), ('42', '18', '56'), ('43', '18', '68'), ('44', '18', '69'), ('45', '18', '71'), ('46', '14', '25'), ('47', '14', '75'), ('48', '14', '81'), ('49', '14', '84'), ('50', '14', '86'), ('51', '9', '14'), ('52', '9', '20'), ('53', '9', '48'), ('54', '9', '60'), ('55', '9', '61'), ('56', '13', '1'), ('57', '13', '24'), ('58', '5', '7'), ('59', '5', '8'), ('60', '5', '76'), ('61', '19', '53'), ('62', '19', '58'), ('63', '19', '59'), ('64', '16', '22'), ('65', '16', '37'), ('66', '16', '39'), ('67', '16', '40'), ('68', '16', '44'), ('69', '16', '45'), ('70', '16', '47'), ('71', '16', '54'), ('72', '16', '70'), ('73', '16', '85'), ('74', '1', '3'), ('75', '7', '10'), ('76', '7', '32'), ('77', '7', '87'), ('78', '10', '1'), ('79', '10', '15'), ('80', '10', '22'), ('81', '10', '38'), ('82', '10', '50'), ('83', '10', '51'), ('84', '10', '57'), ('88', '15', '28'), ('89', '15', '63'), ('90', '15', '64'), ('91', '15', '65'), ('92', '15', '67'), ('93', '2', '4'), ('94', '2', '43'), ('95', '6', '9'), ('96', '6', '27'), ('97', '6', '35');
COMMIT;

-- ----------------------------
--  Table structure for `announcements`
-- ----------------------------
DROP TABLE IF EXISTS `announcements`;
CREATE TABLE `announcements` (
  `idannouncements` int(11) NOT NULL AUTO_INCREMENT,
  `title` varchar(255) DEFAULT NULL,
  `text` text,
  `start_datetime` datetime DEFAULT NULL,
  `end_datetime` datetime DEFAULT NULL,
  PRIMARY KEY (`idannouncements`)
) ENGINE=InnoDB DEFAULT CHARSET=utf8;

-- ----------------------------
--  Table structure for `binding`
-- ----------------------------
DROP TABLE IF EXISTS `binding`;
CREATE TABLE `binding` (
  `idbinding` int(11) NOT NULL AUTO_INCREMENT,
  `iddays` int(11) DEFAULT NULL,
  `idgroups` int(11) DEFAULT NULL,
  `idlessons_time` int(11) DEFAULT NULL,
  `idsubjects` int(11) DEFAULT NULL,
  `idcabinets` int(11) DEFAULT NULL,
  `type` tinyint(1) DEFAULT '0',
  PRIMARY KEY (`idbinding`),
  KEY `iddays` (`iddays`),
  KEY `idsubjects` (`idsubjects`),
  KEY `idgroups` (`idgroups`),
  KEY `idcabinets` (`idcabinets`),
  KEY `idlessons_time` (`idlessons_time`),
  CONSTRAINT `binding_ibfk_1` FOREIGN KEY (`iddays`) REFERENCES `days` (`iddays`),
  CONSTRAINT `binding_ibfk_2` FOREIGN KEY (`idgroups`) REFERENCES `groups` (`idgroups`),
  CONSTRAINT `binding_ibfk_3` FOREIGN KEY (`idlessons_time`) REFERENCES `lessons_time` (`idlessons_time`),
  CONSTRAINT `binding_ibfk_4` FOREIGN KEY (`idsubjects`) REFERENCES `subjects` (`idsubects`),
  CONSTRAINT `binding_ibfk_5` FOREIGN KEY (`idcabinets`) REFERENCES `cabinets` (`idcabinets`)
) ENGINE=InnoDB AUTO_INCREMENT=353 DEFAULT CHARSET=utf8;

-- ----------------------------
--  Records of `binding`
-- ----------------------------
BEGIN;
INSERT INTO `binding` VALUES ('1', '1', '1', '1', '1', '2', '0'), ('2', '1', '1', '2', '1', '2', '1'), ('3', '1', '1', '2', '1', '2', '2'), ('4', '1', '1', '4', '1', '2', '0'), ('7', '1', '2', '2', '2', '3', '0'), ('8', '1', '2', '5', '2', '3', '0'), ('9', '1', '2', '4', '2', '3', '0'), ('11', '1', '3', '7', '1', '2', '0'), ('12', '1', '1', '5', '1', '2', '2'), ('13', '1', '1', '5', '2', '2', '1'), ('14', '1', '1', '6', '1', '2', '2'), ('15', '3', '1', '1', '1', '2', '0'), ('17', '3', '2', '2', '1', null, '1'), ('18', '3', '1', '3', '2', null, '1'), ('19', '3', '1', '3', '2', null, '2'), ('20', '3', '1', '2', '1', null, '0'), ('23', '5', '1', '1', '1', null, '0'), ('24', '6', '1', '1', '2', null, '0'), ('25', '8', '2', '2', '1', null, '1'), ('26', '8', '2', '2', '1', null, '2'), ('27', '3', '2', '7', '1', null, '0'), ('30', '9', '1', '1', '2', null, '0'), ('31', '9', '1', '2', '2', null, '0'), ('32', '9', '1', '3', '2', null, '0'), ('33', '9', '1', '4', '1', null, '1'), ('34', '9', '1', '4', '1', null, '2'), ('35', '9', '2', '3', '1', null, '1'), ('36', '9', '2', '5', '1', null, '1'), ('37', '10', '1', '3', '1', null, '0'), ('38', '10', '1', '4', '1', null, '1'), ('39', '10', '1', '5', '2', null, '1'), ('40', '10', '2', '1', '1', null, '1'), ('41', '10', '2', '4', '1', null, '2'), ('42', '11', '1', '1', '1', null, '0'), ('43', '11', '1', '2', '2', null, '0'), ('44', '11', '1', '3', '1', null, '0'), ('45', '11', '1', '4', '2', null, '0'), ('46', '11', '1', '5', '2', null, '0'), ('47', '11', '2', '1', '1', null, '1'), ('48', '11', '2', '2', '1', null, '2'), ('49', '12', '1', '1', '2', null, '2'), ('50', '12', '1', '2', '1', null, '1'), ('51', '12', '1', '3', '2', null, '0'), ('52', '12', '1', '4', '2', null, '1'), ('53', '12', '2', '4', '1', null, '1'), ('54', '12', '2', '4', '1', null, '2'), ('218', '15', '2', '2', '1', null, '0'), ('219', '15', '2', '2', '1', null, '0'), ('220', '15', '2', '3', '1', null, '0'), ('221', '15', '2', '3', '1', null, '0'), ('222', '15', '5', '3', '3', null, '0'), ('223', '15', '6', '3', '4', null, '0'), ('224', '16', '2', '1', '6', null, '0'), ('225', '16', '2', '2', '14', null, '1'), ('226', '16', '2', '2', '3', null, '2'), ('227', '16', '2', '3', '3', null, '1'), ('228', '16', '2', '3', '14', null, '2'), ('229', '16', '2', '4', '14', null, '0'), ('230', '16', '5', '1', '12', null, '0'), ('231', '16', '5', '2', '12', null, '0'), ('232', '16', '6', '1', '20', null, '0'), ('233', '16', '6', '2', '4', null, '0'), ('234', '16', '7', '1', '1', null, '0'), ('235', '16', '7', '2', '40', null, '0'), ('236', '16', '7', '3', '45', null, '0'), ('237', '16', '7', '4', '39', null, '0'), ('238', '16', '8', '1', '43', null, '0'), ('239', '16', '8', '2', '51', null, '1'), ('240', '16', '8', '2', '56', null, '2'), ('241', '16', '8', '3', '56', null, '1'), ('242', '16', '8', '3', '51', null, '2'), ('243', '16', '1', '4', '3', null, '1'), ('244', '16', '1', '4', '69', null, '2'), ('245', '16', '1', '5', '3', null, '2'), ('246', '16', '1', '6', '73', null, '1'), ('247', '16', '1', '7', '69', null, '1'), ('248', '16', '1', '7', '73', null, '2'), ('249', '16', '3', '1', '3', null, '0'), ('250', '16', '3', '2', '87', null, '0'), ('251', '16', '3', '3', '76', null, '0'), ('278', '18', '2', '1', '11', null, '0'), ('279', '18', '2', '2', '12', null, '0'), ('280', '18', '2', '3', '14', null, '0'), ('281', '18', '2', '4', '1', null, '0'), ('282', '18', '2', '4', '1', null, '0'), ('283', '18', '5', '1', '7', null, '0'), ('284', '18', '5', '2', '9', null, '0'), ('285', '18', '5', '3', '9', null, '0'), ('286', '18', '6', '4', '27', null, '0'), ('287', '18', '6', '5', '27', null, '0'), ('288', '18', '6', '6', '27', null, '0'), ('289', '18', '6', '7', '32', null, '0'), ('290', '18', '7', '1', '39', null, '0'), ('291', '18', '7', '2', '45', null, '0'), ('292', '18', '7', '3', '45', null, '0'), ('293', '18', '8', '1', '60', null, '1'), ('294', '18', '8', '1', '51', null, '2'), ('295', '18', '8', '2', '51', null, '1'), ('296', '18', '8', '2', '60', null, '2'), ('297', '18', '8', '3', '51', null, '0'), ('298', '18', '8', '4', '50', null, '0'), ('299', '18', '3', '4', '76', null, '0'), ('300', '18', '3', '5', '4', null, '0'), ('301', '18', '3', '6', '81', null, '0'), ('302', '18', '3', '7', '35', null, '0'), ('329', '22', '2', '1', '6', null, '0'), ('330', '22', '2', '2', '7', null, '0'), ('331', '22', '2', '3', '5', null, '0'), ('332', '22', '5', '2', '1', null, '0'), ('333', '22', '5', '3', '1', null, '0'), ('334', '22', '5', '4', '5', null, '0'), ('335', '22', '6', '5', '4', null, '0'), ('336', '22', '6', '6', '32', null, '0'), ('337', '22', '6', '7', '32', null, '0'), ('338', '22', '7', '3', '45', null, '0'), ('339', '22', '7', '4', '40', null, '0'), ('340', '22', '7', '5', '39', null, '0'), ('341', '22', '8', '4', '56', null, '1'), ('342', '22', '8', '4', '51', null, '2'), ('343', '22', '8', '5', '51', null, '1'), ('344', '22', '8', '5', '56', null, '2'), ('345', '22', '8', '6', '56', null, '1'), ('346', '22', '8', '6', '59', null, '2'), ('347', '22', '8', '7', '56', null, '1'), ('348', '22', '8', '7', '59', null, '2'), ('349', '22', '3', '4', '4', null, '0'), ('350', '22', '3', '5', '76', null, '0'), ('351', '22', '3', '6', '81', null, '0'), ('352', '22', '3', '7', '81', null, '0');
COMMIT;

-- ----------------------------
--  Table structure for `cabinets`
-- ----------------------------
DROP TABLE IF EXISTS `cabinets`;
CREATE TABLE `cabinets` (
  `idcabinets` int(11) NOT NULL AUTO_INCREMENT,
  `name` varchar(255) DEFAULT NULL,
  `active` tinyint(4) DEFAULT '1',
  PRIMARY KEY (`idcabinets`)
) ENGINE=InnoDB AUTO_INCREMENT=11 DEFAULT CHARSET=utf8;

-- ----------------------------
--  Records of `cabinets`
-- ----------------------------
BEGIN;
INSERT INTO `cabinets` VALUES ('2', '102', '1'), ('3', '104', '1'), ('4', '110', '1'), ('5', '114', '1'), ('6', '201', '1'), ('7', '205', '1'), ('8', '206', '1'), ('9', '207', '1'), ('10', '210', '1');
COMMIT;

-- ----------------------------
--  Table structure for `ci_sessions`
-- ----------------------------
DROP TABLE IF EXISTS `ci_sessions`;
CREATE TABLE `ci_sessions` (
  `session_id` varchar(40) COLLATE utf8_bin NOT NULL DEFAULT '0',
  `ip_address` varchar(16) COLLATE utf8_bin NOT NULL DEFAULT '0',
  `user_agent` varchar(150) COLLATE utf8_bin NOT NULL,
  `last_activity` int(10) unsigned NOT NULL DEFAULT '0',
  `user_data` text COLLATE utf8_bin NOT NULL,
  PRIMARY KEY (`session_id`)
) ENGINE=InnoDB DEFAULT CHARSET=utf8 COLLATE=utf8_bin;

-- ----------------------------
--  Records of `ci_sessions`
-- ----------------------------
BEGIN;
INSERT INTO `ci_sessions` VALUES ('00f6b8d7c129111ddd1a2caa487eb3d7', '127.0.0.1', 'Mozilla/5.0 (Macintosh; Intel Mac OS X 10_9_0) AppleWebKit/537.36 (KHTML, like Gecko) Chrome/31.0.1650.57 Safari/537.36', '1385581538', 0x613a343a7b733a393a22757365725f64617461223b733a303a22223b733a373a22757365725f6964223b733a313a2231223b733a383a22757365726e616d65223b733a353a224b6f646469223b733a363a22737461747573223b733a313a2231223b7d), ('078e80d6ea43e5e54ff337715e8143a2', '192.168.33.5', 'Mozilla/5.0 (iPad; CPU OS 7_0_4 like Mac OS X) AppleWebKit/537.51.1 (KHTML, like Gecko) Version/7.0 Mobile/11B554a Safar', '1385574715', ''), ('4f6a6878aea02622fcc142c3b13e5da4', '127.0.0.1', 'Mozilla/5.0 (Macintosh; Intel Mac OS X 10_9) AppleWebKit/537.71 (KHTML, like Gecko)', '1385573991', ''), ('7452e74f2a4c8f3cf3cfd5602ec5dcd0', '127.0.0.1', 'Mozilla/5.0 (Macintosh; Intel Mac OS X 10_9) AppleWebKit/537.71 (KHTML, like Gecko) Version/7.0 Safari/537.71', '1385575392', ''), ('824c5463d2a489782b43910df96880f7', '192.168.33.33', 'Mozilla/5.0 (Windows NT 6.2; WOW64; rv:25.0) Gecko/20100101 Firefox/25.0', '1385578872', ''), ('a74128b093eb3596f116706619dbb35c', '127.0.0.1', 'Mozilla/5.0 (Macintosh; Intel Mac OS X 10_9_0) AppleWebKit/537.36 (KHTML, like Gecko) Chrome/31.0.1650.57 Safari/537.36', '1385616868', 0x613a343a7b733a393a22757365725f64617461223b733a303a22223b733a373a22757365725f6964223b733a313a2231223b733a383a22757365726e616d65223b733a353a224b6f646469223b733a363a22737461747573223b733a313a2231223b7d), ('cf973c874863b98a2f40e7b5bc58922a', '127.0.0.1', 'Mozilla/5.0 (Macintosh; Intel Mac OS X 10_9) AppleWebKit/537.71 (KHTML, like Gecko) Version/7.0 Safari/537.71', '1385573859', ''), ('e628ea2770c19fbd3a760291075d0b38', '192.168.33.33', 'Mozilla/5.0 (Windows NT 6.2; WOW64) AppleWebKit/537.36 (KHTML, like Gecko) Chrome/31.0.1650.57 Safari/537.36', '1385578299', '');
COMMIT;

-- ----------------------------
--  Table structure for `days`
-- ----------------------------
DROP TABLE IF EXISTS `days`;
CREATE TABLE `days` (
  `iddays` int(11) NOT NULL AUTO_INCREMENT,
  `date` date DEFAULT NULL,
  `visibility` tinyint(4) DEFAULT '1',
  PRIMARY KEY (`iddays`)
) ENGINE=InnoDB AUTO_INCREMENT=103 DEFAULT CHARSET=utf8;

-- ----------------------------
--  Records of `days`
-- ----------------------------
BEGIN;
INSERT INTO `days` VALUES ('1', '2013-09-26', '1'), ('2', '2013-10-20', '1'), ('3', '2013-11-04', '1'), ('4', '2013-11-05', '1'), ('5', '2013-11-06', '1'), ('6', '2013-11-07', '1'), ('7', '2013-11-08', '1'), ('8', '2013-11-09', '1'), ('9', '2013-11-18', '1'), ('10', '2013-11-19', '1'), ('11', '2013-11-20', '1'), ('12', '2013-11-21', '1'), ('13', '2013-11-22', '1'), ('14', '2013-11-23', '1'), ('15', '2013-11-24', '1'), ('16', '2013-11-25', '1'), ('18', '2013-11-27', '1'), ('21', '1970-01-01', '1'), ('22', '2013-11-26', '1'), ('26', '2013-11-28', '1'), ('27', '2013-11-29', '1'), ('30', '2013-12-01', '1'), ('32', '2013-12-10', '1'), ('53', '2013-12-13', '1'), ('57', '2013-12-11', '1'), ('94', '2013-12-12', '1'), ('97', '2013-12-09', '1'), ('102', '2013-12-14', '1');
COMMIT;

-- ----------------------------
--  Table structure for `groups`
-- ----------------------------
DROP TABLE IF EXISTS `groups`;
CREATE TABLE `groups` (
  `idgroups` int(11) NOT NULL AUTO_INCREMENT,
  `name` varchar(255) DEFAULT NULL,
  `active` tinyint(4) DEFAULT '1',
  `fulltime` tinyint(1) DEFAULT NULL,
  `order` int(11) DEFAULT NULL,
  PRIMARY KEY (`idgroups`)
) ENGINE=InnoDB AUTO_INCREMENT=10 DEFAULT CHARSET=utf8;

-- ----------------------------
--  Records of `groups`
-- ----------------------------
BEGIN;
INSERT INTO `groups` VALUES ('1', 'П-411', '1', null, '7'), ('2', 'П-111', '1', null, '1'), ('3', 'М-461', '1', null, '8'), ('5', 'Л-181', '1', null, '2'), ('6', 'Б-221', '1', null, '3'), ('7', 'И-271', '1', null, '4'), ('8', 'П-311', '1', null, '5'), ('9', 'Б-321', '1', null, '6');
COMMIT;

-- ----------------------------
--  Table structure for `lessons_time`
-- ----------------------------
DROP TABLE IF EXISTS `lessons_time`;
CREATE TABLE `lessons_time` (
  `idlessons_time` int(11) NOT NULL AUTO_INCREMENT,
  `num` int(11) DEFAULT NULL,
  `start_time` time DEFAULT NULL,
  `end_time` time DEFAULT NULL,
  `active` tinyint(4) DEFAULT '1',
  PRIMARY KEY (`idlessons_time`)
) ENGINE=InnoDB AUTO_INCREMENT=8 DEFAULT CHARSET=utf8;

-- ----------------------------
--  Records of `lessons_time`
-- ----------------------------
BEGIN;
INSERT INTO `lessons_time` VALUES ('1', '1', '08:20:00', '09:50:00', '1'), ('2', '2', '10:00:00', '11:30:00', '1'), ('3', '3', '12:30:00', '14:00:00', '1'), ('4', '4', '14:10:00', '15:40:00', '1'), ('5', '5', '16:00:00', '17:30:00', '1'), ('6', '6', '17:40:00', '19:10:00', '1'), ('7', '7', '19:20:00', '20:50:00', '1');
COMMIT;

-- ----------------------------
--  Table structure for `login_attempts`
-- ----------------------------
DROP TABLE IF EXISTS `login_attempts`;
CREATE TABLE `login_attempts` (
  `id` int(11) NOT NULL AUTO_INCREMENT,
  `ip_address` varchar(40) COLLATE utf8_bin NOT NULL,
  `login` varchar(50) COLLATE utf8_bin NOT NULL,
  `time` timestamp NOT NULL DEFAULT CURRENT_TIMESTAMP ON UPDATE CURRENT_TIMESTAMP,
  PRIMARY KEY (`id`)
) ENGINE=InnoDB DEFAULT CHARSET=utf8 COLLATE=utf8_bin;

-- ----------------------------
--  Table structure for `subjects`
-- ----------------------------
DROP TABLE IF EXISTS `subjects`;
CREATE TABLE `subjects` (
  `idsubects` int(11) NOT NULL AUTO_INCREMENT,
  `full_name` varchar(255) DEFAULT NULL,
  `name` varchar(255) DEFAULT NULL,
  `active` tinyint(4) DEFAULT '1',
  PRIMARY KEY (`idsubects`)
) ENGINE=InnoDB AUTO_INCREMENT=88 DEFAULT CHARSET=utf8;

-- ----------------------------
--  Records of `subjects`
-- ----------------------------
BEGIN;
INSERT INTO `subjects` VALUES ('1', 'Математика', 'Матем', '1'), ('2', 'Естествознание (Физика)', 'Физика', '1'), ('3', 'Английский язык', 'Англ.яз', '1'), ('4', 'Физическая культура', 'Физ-ра', '1'), ('5', 'Русский язык и литература', 'Русс.яз', '1'), ('6', 'Литература', 'Литерат', '1'), ('7', 'История', 'История', '1'), ('8', 'Обществознание (обществознание)', 'Общест', '1'), ('9', 'Обществознание (право)', 'Право', '1'), ('10', 'Обществознание (экономика)', 'Эконом', '1'), ('11', 'Химия', 'Химия', '1'), ('12', 'Биология', 'Биология', '1'), ('13', 'Основы безопасности жизнедеятельности', 'ОБЖ', '1'), ('14', 'Физика', 'Физика', '1'), ('15', 'Информатика и ИКТ', 'Информ', '1'), ('16', 'Психология делового общения', 'Психол', '1'), ('17', 'Основы проектной деятельности', 'Пр.деят', '1'), ('18', 'География', 'Геогр', '1'), ('19', 'Основы философии', 'Осн.филос', '1'), ('20', 'Элементы высшей математики', 'Эл.высш.мат', '1'), ('21', 'Финансовая математика', 'Финн.мат', '1'), ('22', 'Информационные технологии в профессиональной деятельности', 'ИТвПД', '1'), ('23', 'Экономика организации', 'Экон.орг', '1'), ('24', 'Статистика', 'Статист', '1'), ('25', 'Менеджмент', 'Менедж', '1'), ('26', 'Документационное обеспечение управления', 'ДОУ', '1'), ('27', 'Правовое обеспечение профессиональной деятельности', 'ПОПД', '1'), ('28', 'Финансы, денежное обращение и кредит', 'Финансы', '1'), ('29', 'Бухгалтерский учет', 'Бухучет', '1'), ('30', 'Организация банковского учета в банке', 'Банк.учет', '1'), ('31', 'Анализ финансово-хозяйственной деятельности', 'АФХД', '1'), ('32', 'Основы экономической теории', 'Эк.теор', '1'), ('33', 'Маркетинг', 'Маркет', '1'), ('34', 'Безопасность банковской деятельности', 'ББД', '1'), ('35', 'Трудовое право', 'Труд.пр.', '1'), ('36', 'Страховая деятельность', 'Страх.деят.', '1'), ('37', 'Дискретная математика', 'Дискр.матем.', '1'), ('38', 'Теория вероятностей и математическая статистика', 'ТВиМС', '1'), ('39', 'Основы теории информации', 'ОТИ', '1'), ('40', 'Операционные системы и среды', 'Опер.сист.', '1'), ('41', 'Архитектура ЭВМ и вычислительных систем', 'Архит.', '1'), ('42', 'Психология и этика делового общения и профессиональной деятельности', 'Психол.', '1'), ('43', 'Безопасность жизнедеятельности', 'БЖД', '1'), ('44', 'Обработка отраслевой информации', 'ООИ', '1'), ('45', 'Основы программирования', 'Осн.прогр.', '1'), ('46', 'Учебная практика Технические средства информатизации', 'ТСИ(УП)', '1'), ('47', 'Учебная практика Графика', 'Графика (УП)', '1'), ('48', 'Основы электротехники и электроники (ДОУ)', 'Осн.электр.', '1'), ('49', 'Компьютерные сети', 'К.сети', '1'), ('50', 'Эксплуатация и модификация ИС', 'Эксп.ИС', '1'), ('51', 'Методы и средства проектирования ИС', 'Мет.и ср.', '1'), ('52', 'Сопровождение и продвижение ИС', 'Сопр.ИС', '1'), ('53', 'Язык программирования С#', 'С#', '1'), ('54', 'Пакеты прикладных программ для графики', 'Графика', '1'), ('55', 'Web-ориентированное программирование', 'web', '1'), ('56', 'Предметно-ориентированное программирование', 'ПОП', '1'), ('57', 'Учебная практика Эксплуатация информационных систем', 'УП Эксп.ИС', '1'), ('58', 'Учебная практика Программирование на С#', 'УП C#', '1'), ('59', 'Учебная практика по базам данных', 'УП БД', '1'), ('60', 'Электронные устройства и схемы', 'Эл.устр.', '1'), ('61', 'Элементы и устройства цифровой техники', 'ЦТ', '1'), ('62', 'Организация безналичного расчета', 'Безн.расч.', '1'), ('63', 'Формирование клиентской базы', 'Форм.кл.базы', '1'), ('64', 'Организация кредитной работы', 'Орг.кр.раб.', '1'), ('65', 'Продвижение и продажа банковских продуктов и услуг', 'Продв.банк.усл.', '1'), ('66', 'Учебная практика Организация безналичного расчета', 'УП Безн.расч.', '1'), ('67', 'Учебная практика Организация кредитной работы', 'УП Орг.кр.раб.', '1'), ('68', 'Информационные технологии и платформы разработки ИС', 'Пл.разр.ИС', '1'), ('69', 'Управление проектами', 'Упр.пр.', '1'), ('70', 'Технологии выполнения работ по профессии «Оператор ЭВМ и вычислительных систем»', 'Техн.вып.раб.', '1'), ('71', 'Учебная практика Разработка информационных систем', 'УП РИС', '1'), ('72', 'Системное администрирование', 'Сист.адм.', '1'), ('73', 'Технологии разработки программных продуктов', 'Техн.разр.', '1'), ('75', 'Управление качеством', 'Упр.кач.', '1'), ('76', 'Основы исследовательской деятельности', 'Иссл.деят.', '1'), ('77', 'Маркетинговые исследования', 'Марк.иссл.', '1'), ('78', 'Государственное регулирование экономики', 'Гос.рег.экон.', '1'), ('79', 'Экономическая статистика', 'Экон.стат.', '1'), ('80', 'Система национальных счетов', 'Сист.нац.сч.', '1'), ('81', 'Теория организации', 'Теор.орг.', '1'), ('82', 'Кадровый менеджмент', 'Кадр.мен.', '1'), ('83', 'Документационное обеспечение кадровой службы', 'ДОКС', '1'), ('84', 'Конфликтология', 'Конфл.', '1'), ('85', 'Организация защиты информации', 'Защ.инф.', '1'), ('86', 'Разработка управленческого решения', 'Разр.упр.реш.', '1'), ('87', 'Экономика уральского региона', 'Эк.ур.рег.', '1');
COMMIT;

-- ----------------------------
--  Table structure for `teachers`
-- ----------------------------
DROP TABLE IF EXISTS `teachers`;
CREATE TABLE `teachers` (
  `idteacher` int(11) NOT NULL AUTO_INCREMENT,
  `first_name` varchar(255) NOT NULL,
  `last_name` varchar(255) NOT NULL,
  `patronymic` varchar(255) NOT NULL,
  `visibility` tinyint(1) NOT NULL DEFAULT '1',
  PRIMARY KEY (`idteacher`)
) ENGINE=InnoDB AUTO_INCREMENT=23 DEFAULT CHARSET=utf8;

-- ----------------------------
--  Records of `teachers`
-- ----------------------------
BEGIN;
INSERT INTO `teachers` VALUES ('1', 'Светлана', 'Снегирева', 'Борисовна', '1'), ('2', 'Елена', 'Щербакова', 'Михайловна', '1'), ('3', 'Людмила', 'Велижанская', 'Витальевна', '1'), ('4', 'Марина', 'Калатори', 'Гурамовна', '1'), ('5', 'Марина', 'Ощепкова', 'Валерьевна', '1'), ('6', 'Ирина', 'Фурик', 'Александровна', '1'), ('7', 'Татьяна', 'Томилова', 'Витальевна', '1'), ('8', 'Людмила', 'Вехова', 'Геннадьевна', '1'), ('9', 'Александр', 'Лихачев', 'Владимирович', '1'), ('10', 'Ольга', 'Усольцева', 'Ивановна', '1'), ('11', 'Эмилия', 'Захватошина', 'Михайловна', '1'), ('12', 'Марина', 'Кравченко', 'Игоревна', '1'), ('13', 'Анна', 'Лихачева', 'Анатольевна', '1'), ('14', 'Людмила', 'Курашова', 'Николаевна', '1'), ('15', 'Ольга', 'Цымбал', 'Анатольевна', '1'), ('16', 'Виктория', 'Семенова', 'Сергеевна', '1'), ('17', 'Артем', 'Зюзев', 'Валерьевич', '1'), ('18', 'Даниил', 'Кузнецов', 'Владимирович', '1'), ('19', 'Дмитрий', 'Пьянков', 'Сергеевич', '1'), ('20', 'Ирина', 'Василенко', 'Николаевна', '1'), ('21', 'Василий', 'Брюханов', 'Алексеевич', '1'), ('22', 'Екатерина', 'Зенцова', 'Михайловна', '1');
COMMIT;

-- ----------------------------
--  Table structure for `user_autologin`
-- ----------------------------
DROP TABLE IF EXISTS `user_autologin`;
CREATE TABLE `user_autologin` (
  `key_id` char(32) COLLATE utf8_bin NOT NULL,
  `user_id` int(11) NOT NULL DEFAULT '0',
  `user_agent` varchar(150) COLLATE utf8_bin NOT NULL,
  `last_ip` varchar(40) COLLATE utf8_bin NOT NULL,
  `last_login` timestamp NOT NULL DEFAULT CURRENT_TIMESTAMP ON UPDATE CURRENT_TIMESTAMP,
  PRIMARY KEY (`key_id`,`user_id`)
) ENGINE=InnoDB DEFAULT CHARSET=utf8 COLLATE=utf8_bin;

-- ----------------------------
--  Records of `user_autologin`
-- ----------------------------
BEGIN;
INSERT INTO `user_autologin` VALUES ('c01ad28609f94f4c774512f2274d7fd8', '1', 'Mozilla/5.0 (Macintosh; Intel Mac OS X 10_9_0) AppleWebKit/537.36 (KHTML, like Gecko) Chrome/30.0.1599.101 Safari/537.36', '127.0.0.1', '2013-11-03 20:03:31');
COMMIT;

-- ----------------------------
--  Table structure for `user_profiles`
-- ----------------------------
DROP TABLE IF EXISTS `user_profiles`;
CREATE TABLE `user_profiles` (
  `id` int(11) NOT NULL AUTO_INCREMENT,
  `user_id` int(11) NOT NULL,
  `country` varchar(20) COLLATE utf8_bin DEFAULT NULL,
  `website` varchar(255) COLLATE utf8_bin DEFAULT NULL,
  PRIMARY KEY (`id`)
) ENGINE=InnoDB AUTO_INCREMENT=3 DEFAULT CHARSET=utf8 COLLATE=utf8_bin;

-- ----------------------------
--  Records of `user_profiles`
-- ----------------------------
BEGIN;
INSERT INTO `user_profiles` VALUES ('1', '1', null, null), ('2', '2', null, null);
COMMIT;

-- ----------------------------
--  Table structure for `users`
-- ----------------------------
DROP TABLE IF EXISTS `users`;
CREATE TABLE `users` (
  `id` int(11) NOT NULL AUTO_INCREMENT,
  `username` varchar(50) COLLATE utf8_bin NOT NULL,
  `password` varchar(255) COLLATE utf8_bin NOT NULL,
  `email` varchar(100) COLLATE utf8_bin NOT NULL,
  `activated` tinyint(1) NOT NULL DEFAULT '1',
  `banned` tinyint(1) NOT NULL DEFAULT '0',
  `ban_reason` varchar(255) COLLATE utf8_bin DEFAULT NULL,
  `new_password_key` varchar(50) COLLATE utf8_bin DEFAULT NULL,
  `new_password_requested` datetime DEFAULT NULL,
  `new_email` varchar(100) COLLATE utf8_bin DEFAULT NULL,
  `new_email_key` varchar(50) COLLATE utf8_bin DEFAULT NULL,
  `last_ip` varchar(40) COLLATE utf8_bin NOT NULL,
  `last_login` datetime NOT NULL DEFAULT '0000-00-00 00:00:00',
  `created` datetime NOT NULL DEFAULT '0000-00-00 00:00:00',
  `modified` timestamp NOT NULL DEFAULT CURRENT_TIMESTAMP ON UPDATE CURRENT_TIMESTAMP,
  `admin` tinyint(1) DEFAULT NULL,
  PRIMARY KEY (`id`)
) ENGINE=InnoDB AUTO_INCREMENT=3 DEFAULT CHARSET=utf8 COLLATE=utf8_bin;

-- ----------------------------
--  Records of `users`
-- ----------------------------
BEGIN;
INSERT INTO `users` VALUES ('1', 'Koddi', '$2a$08$HVU5DMIgpFYknqnE9o1GJeTN8elu00pkd892DhJwti.PJRc3CbbCu', 'nazgardo@ya.ru', '1', '0', null, null, null, null, null, '127.0.0.1', '2013-11-28 11:34:28', '2013-11-03 19:18:09', '2013-11-28 11:34:28', '1'), ('2', 'test', '$2a$08$mArV63A80FmZq0pvGt8Uy.esLJv1CoglA/lzWZU.nWfLIjEYpYv5O', 'test@test.ru', '1', '0', null, null, null, null, null, '127.0.0.1', '2013-11-03 19:54:24', '2013-11-03 19:54:19', '2013-11-03 19:54:24', null);
COMMIT;

SET FOREIGN_KEY_CHECKS = 1;
